Type,Name,Request Count,Failure Count,Median Response Time,Average Response Time,Min Response Time,Max Response Time,Average Content Size,Requests/s,Failures/s,50%,66%,75%,80%,90%,95%,98%,99%,99.9%,99.99%,100%
GET,/api/v1/attendance/history/,589,589,450.0,2952.8375320186933,26.888894000876462,23143.0872359997,395.4855687606112,4.928512134061257,4.928512134061257,450,610,860,2200,13000,18000,21000,22000,23000,23000,23000
POST,/api/v1/auth/otp-request/,250,250,13000.0,12347.800216012043,259.48994000100356,22151.320147999286,25986.0,2.091898189329905,2.091898189329905,14000,18000,19000,20000,21000,21000,22000,22000,22000,22000,22000
POST,/api/v1/auth/worker-login/,250,5,15000.0,14775.235688072054,1559.269661000144,23777.557886000068,4828.812,2.091898189329905,0.041837963786598105,16000,20000,21000,22000,23000,23000,24000,24000,24000,24000,24000
GET,/api/v1/pickups/,1154,10,500.0,2937.6098272391787,35.44034400147211,23003.652331999547,1935.4757365684575,9.656202041946843,0.08367592757319621,500,670,810,1400,14000,19000,21000,22000,23000,23000,23000
WebSocket,Connect,245,175,0,0.0,0,0,0.0,2.050060225543307,1.4643287325309335,0,0,0,0,0,0,0,0,0,0,0
WebSocket,LocationUpdate,985,180,0.06890296936035156,0.2067406165418286,0.06890296936035156,2.534627914428711,0.0,8.242078865959826,1.5061666963175318,0,0,0,0,0,0,1,1,3,3,3
,Aggregated,3473,1209,370.0,3429.365292980516,0,23777.557886000068,2928.356752087532,29.060649646171044,10.116419643599421,370,580,940,5400,17000,20000,22000,23000,24000,24000,24000
