Type,Name,Request Count,Failure Count,Median Response Time,Average Response Time,Min Response Time,Max Response Time,Average Content Size,Requests/s,Failures/s,50%,66%,75%,80%,90%,95%,98%,99%,99.9%,99.99%,100%
GET,/api/v1/attendance/,485,19,680.0,4612.282414313362,220.73933799947554,28924.883091000083,8615.62474226804,4.0706774340046366,0.1594698376208002,680,1100,3300,7100,21000,25000,26000,27000,29000,29000,29000
POST,/api/v1/auth/otp/request/,250,250,14000.0,15088.556979560071,936.5687009994872,29661.92588800004,23708.028,2.0982873371157917,2.0982873371157917,15000,20000,25000,26000,27000,28000,29000,29000,30000,30000,30000
POST,/api/v1/auth/worker-login/,250,35,14000.0,15031.082608608058,674.8700079988339,28773.336701000517,28785.292,2.0982873371157917,0.29376022719621087,14000,20000,23000,24000,27000,27000,28000,28000,29000,29000,29000
GET,/api/v1/pickups/,894,27,680.0,4535.112908173397,171.25229999874136,28823.69356399977,6645.968680089485,7.503475517526072,0.22661503240850553,680,940,2900,7700,19000,24000,26000,27000,29000,29000,29000
WebSocket,Connect,215,117,0,0.0,0,0,0.0,1.804527109919581,0.9819984737701907,0,0,0,0,0,0,0,0,0,0,0
WebSocket,LocationUpdate,1198,198,0.060558319091796875,0.23342492385380256,0.060558319091796875,5.6667327880859375,0.0,10.054992919458876,1.6618435709957071,0,0,0,0,0,0,1,2,4,6,6
,Aggregated,3292,646,450.0,4198.522919486575,0,29661.92588800004,7060.572296476306,27.63024765514075,5.421974479107206,450,730,2300,7100,19000,25000,27000,28000,29000,30000,30000
