Type,Name,Request Count,Failure Count,Median Response Time,Average Response Time,Min Response Time,Max Response Time,Average Content Size,Requests/s,Failures/s,50%,66%,75%,80%,90%,95%,98%,99%,99.9%,99.99%,100%
GET,/api/v1/attendance/history/,8,8,17000.0,21890.51284199991,145.10567300021648,40694.90881999991,23.0,0.1333375905654438,0.1333375905654438,22000,31000,34000,34000,41000,41000,41000,41000,41000,41000,41000
POST,/api/v1/auth/otp-request/,100,100,14000.0,15179.060995289967,287.43937500075845,37748.9335249993,25986.0,1.6667198820680476,1.6667198820680476,14000,22000,23000,27000,35000,38000,38000,38000,38000,38000,38000
POST,/api/v1/auth/worker-login/,90,0,16000.0,18283.99856626644,959.3786999994336,41551.28439699911,834.5,1.500047893861243,0.0,21000,25000,27000,32000,35000,40000,42000,42000,42000,42000,42000
GET,/api/v1/pickups/,19,0,11000.0,17083.425012473428,131.76053099959972,39127.36421400041,42.0,0.31667677759292906,0.0,11000,16000,30000,36000,38000,39000,39000,39000,39000,39000,39000
WebSocket,Connect,65,65,0,0.0,0,0,0.0,1.083367923344231,1.083367923344231,0,0,0,0,0,0,0,0,0,0,0
WebSocket,LocationUpdate,154,99,0.0045299530029296875,0.13648999201786982,0.0045299530029296875,2.139568328857422,0.0,2.566748618384793,1.6500526832473672,0,0,0,0,0,1,1,1,2,2,2
,Aggregated,436,272,1,8401.826073221888,0,41551.28439699911,6134.603211009175,7.266898685816687,4.533478079225089,2,7400,15000,21000,30000,35000,38000,40000,42000,42000,42000
