Type,Name,Request Count,Failure Count,Median Response Time,Average Response Time,Min Response Time,Max Response Time,Average Content Size,Requests/s,Failures/s,50%,66%,75%,80%,90%,95%,98%,99%,99.9%,99.99%,100%
POST,/api/v1/auth/otp/request/,250,250,240.0,656.6527913239987,110.64167699987593,5519.357458000741,0.0,5.079239991900156,5.079239991900156,250,370,430,440,2300,4100,5500,5500,5500,5500,5500
POST,/api/v1/auth/worker-login/,250,250,240.0,652.3249884800099,105.61293899991142,5518.5829649999505,0.0,5.079239991900156,5.079239991900156,250,370,420,440,2300,4100,5500,5500,5500,5500,5500
,Aggregated,500,500,240.0,654.488889902004,105.61293899991142,5519.357458000741,0.0,10.158479983800312,10.158479983800312,250,370,430,440,2300,4100,5500,5500,5500,5500,5500
